Reference_seq,D12A_H
A,-0.0
G,-0.0
G,0.003291190841962139
G,0.003291190841962139
T,0.003291190841962139
T,0.003291190841962139
A,0.003291190841962139
A,0.003291190841962139
T,0.003291190841962139
G,0.3332701674583896
C,0.3332701674583896
C,0.3342325186577094
A,0.3380670345535043
G,0.34092744021701954
C,0.3418779884215113
G,0.3505169713885489
C,0.3437747357052238
T,0.3437747357052238
T,0.34704248999906806
C,0.3479886069062048
-,0.003291190841962139
-,0.003291190841962139
-,0.003291190841962139
-,0.003291190841962139
-,0.003291190841962139
-,0.003291190841962139
-,0.003291190841962139
-,0.003291190841962139
G,0.3517109286051613
T,0.3475509775072713
T,0.35359581732132095
A,0.3475509775072713
A,0.3508183616642034
T,0.3475509775072713
A,0.35502596362720107
C,0.35175876468422557
A,0.35780323402180686
G,0.35175876468422557
A,0.5830651749541816
T,0.3578032340218068
G,0.35175876468422557
T,0.35502596362720107
A,0.34849147312213613
G,0.35175876468422557
G,0.3545361277222292
T,0.3578032340218068
G,0.3545361277222292
T,0.3545361277222292
T,0.35359581732132095
C,0.35686301626429645
C,0.3508183616642034
A,0.35686301626429645
C,0.3594554011575152
A,0.35686301626429645
G,0.35359581732132095
G,0.35359581732132095
G,0.35359581732132095
T,0.3578032340218068
A,0.3475509775072713
G,0.11494670180463053
C,0.12710928503269545
C,0.12102816929817033
A,0.12151800520314215
G,0.11494670180463053
C,0.11494670180463053
A,0.11347538406883541
G,0.12284263511656576
C,0.1182323974628213
A,0.12692439953130838
T,0.1275991209376673
A,0.1182323974628213
T,0.12115785450007392
G,0.11787233469950396
G,0.1239534504340291
T,0.12115785450007392
G,0.1239534504340291
C,0.12395345043402911
A,0.12115785450007394
G,0.12115785450007392
G,0.12656407288305174
G,0.12723879428941068
C,0.12395345043402911
G,0.12444328633900092
C,0.12395345043402911
T,0.12115785450007394
G,0.1283001399902392
A,0.12221955222275047
C,0.1283001399902392
T,0.12221955222275047
T,0.12221955222275047
C,0.12221955222275047
C,0.1269431195854705
G,0.1405242281451788
C,0.13166121367429537
G,0.1352093501655291
T,0.12794218626364173
-,0.003291190841962139
T,0.13122708987237114
T,0.13730679681730323
C,0.13122708987237114
C,0.13402206946093675
A,0.13122708987237114
G,0.12794218626364173
A,0.13402206946093675
C,0.1326449955705633
T,0.12936018007702585
T,0.13405797267997877
T,0.13826080170521501
A,0.14154526451808225
C,0.1354660865941446
G,0.13826797775679978
A,0.14367208137357418
A,0.1497505533195853
A,0.13498351494393254
C,0.1424563277768109
A,0.14755512791287836
C,0.14834991422143495
G,0.15083914937930135
G,0.1396618773413465
A,0.1424563277768109
A,0.1396618773413465
A,0.13637750275367758
C,0.14294616368178273
C,0.14506580444161052
G,0.13915168057628832
A,0.1377668721895621
A,0.1424358786474469
G,0.13915168057628832
A,0.13915168057628832
C,0.13915168057628832
C,0.14523015252229948
A,0.14851417398872246
-,0.003291190841962139
T,0.14381609358459052
T,0.1405319838047661
C,0.1405319838047661
A,0.1466102791460417
T,0.14381609358459052
G,0.1471001150510135
T,0.1451918578516434
T,0.1466102791460417
G,0.1466102791460417
T,0.1451918578516434
T,0.1405319838047661
G,0.14381609358459052
C,0.15410823997493842
T,0.1466102791460417
C,0.1405319838047661
A,0.1405319838047661
G,0.14989421227698488
G,0.14381609358459052
T,0.1405319838047661
C,0.14381609358459052
G,0.14381609358459052
C,0.14381609358459052
A,0.14921949087062597
G,0.1466102791460417
A,0.17850495791752843
C,0.1517085493354434
G,0.1405319838047661
T,0.1531780570503589
T,0.1471001150510135
T,0.2263340749954403
T,0.15778613781609907
G,0.14381609358459052
C,0.1517085493354434
A,0.14381609358459052
G,0.19215057176091363
C,0.15739190796686153
A,0.1405319838047661
G,0.14381609358459052
C,0.14921949087062594
A,0.15308404852977767
G,0.1451918578516434
T,0.1466102791460417
-,0.003291190841962139
-,0.003291190841962139
-,0.003291190841962139
C,0.14921949087062594
G,0.14381609358459052
C,0.1466102791460417
T,0.15038404818195672
T,0.14381609358459052
C,0.14381609358459052
A,0.1471001150510135
C,0.14381609358459052
G,0.14921949087062597
T,0.1466102791460417
T,0.14381609358459052
C,0.1471001150510135
G,0.1466102791460417
C,0.14381609358459052
T,0.1471001150510135
C,0.1419078363852204
G,0.1451918578516434
C,0.1451918578516434
G,0.15126979985098876
T,0.1484757909825866
A,0.14798595507761475
T,0.14798595507761475
C,0.15387883483833426
G,0.15126979985098876
G,0.1484757909825866
T,0.18106353119746493
G,0.1419078363852204
A,0.15126979985098876
T,0.1419078363852204
T,0.1419078363852204
C,0.1484757909825866
A,0.15059507844462985
T,0.1419078363852204
T,0.1484757909825866
C,0.1419078363852204
T,0.1419078363852204
G,0.1484757909825866
C,0.1484757909825866
T,0.1451918578516434
A,0.1405319838047661
A,0.14381609358459052
C,0.1405319838047661
C,0.1466102791460417
A,0.15578709203770438
G,0.15250333564399998
T,0.1405319838047661
A,0.1405319838047661
A,0.1484757909825866
G,0.1419078363852204
G,0.1451918578516434
C,0.15387883483833426
A,0.14798595507761475
A,1.0928929755128363
-,0.008708755510405928
C,0.15740807297539253
C,0.165053632554172
C,0.15059507844462985
C,0.15126979985098876
G,0.10687304024523245
C,0.0806805028983932
C,0.08595664008268238
A,0.06948742710526642
G,0.08676635266968354
C,0.07277566291212645
C,0.08054551171775096
T,0.07606381143096286
A,0.07818731532887659
G,0.07978142031630803
C,0.07649335910706354
C,0.07978142031630803
G,0.07716808051342246
G,0.07108153209269787
G,0.07108153209269787
T,0.07387993199458606
C,0.07108153209269787
C,0.07108153209269787
T,0.0832542796957683
C,0.07606381143096286
A,0.07716808051342246
A,0.07649335910706354
C,0.07807675512441083
G,0.07546332801193335
A,0.06937660503671955
C,0.06608819471847566
A,0.07546332801193335
G,0.06608819471847566
G,0.06937660503671955
A,0.06937660503671955
G,0.07546332801193335
C,0.07807675512441083
A,0.07807675512441081
C,0.07807675512441083
G,0.07217509220507332
A,0.06937660503671955
T,0.06937660503671955
C,0.06937660503671954
A,0.07217509220507332
T,0.07478860660557443
G,0.07374744448966966
C,0.067660547003072
G,0.07045912141634406
C,0.07885432110045058
A,0.07374744448966966
C,0.07045912141634406
C,0.06437204946144647
C,0.11364467174875535
G,0.07307272308331074
T,0.06437204946144647
G,0.06437204946144647
G,0.07636095889017078
C,0.06937660503671954
C,0.06608819471847566
A,0.07045912141634406
G,0.07654584439155786
G,0.07915927150403533
A,0.06437204946144647
C,0.07045912141634406
C,0.07094895732131588
C,0.067660547003072
A,0.067660547003072
A,0.067660547003072
C,0.06922149918375717
G,0.06593300164213164
C,0.06593300164213163
T,0.06873166327878534
G,0.06873166327878534
C,0.06873166327878534
C,0.07045912141634406
C,0.06699233767190287
G,0.06699233767190288
A,0.06090491690957209
G,0.06699233767190288
A,0.06419358883339353
T,0.06090491690957209
C,0.06090491690957209
T,0.06748217357687472
C,0.06748217357687471
G,0.0696061138071695
A,0.06419358883339353
-,0.003291190841962139
T,0.06748217357687472
C,0.06699233767190287
C,0.0696061138071695
C,0.06419358883339353
G,0.06852932298688857
C,0.062441902224557796
G,0.06858417854877918
-,0.003291190841962139
A,0.05710868052781627
A,0.060397613863672275
A,0.05710868052781627
T,0.05677201859746696
T,0.050193716539670044
A,0.056282182692495124
A,0.056282182692495124
T,0.049795265009123554
A,0.049795265009123554
C,0.07454816365621075
G,0.05583494711966848
A,0.04792644600699747
C,0.04792644600699747
T,0.05401526027995024
C,0.05212885382198808
A,0.04275032300704893
C,0.05212885382198808
T,0.04275032300704893
A,0.04883948522872637
T,0.05723782224636921
A,0.04883948522872637
-,0.003291190841962139
-,0.003291190841962139
G,0.060037093844560546
G,0.048298928608406774
G,0.05011887647393146
A,0.043063589121522194
G,0.036973905297770226
A,0.04026370861293378
C,0.036973905297770226
C,0.04026370861293378
A,0.04026370861293378
C,0.04026370861293378
A,0.04635321861210113
A,0.04026370861293378
C,0.04355342502649403
G,0.04355342502649403
G,0.03829563957792507
T,0.03829563957792507
T,0.03829563957792507
T,0.04371060199531812
C,0.03829563957792507
C,0.041585442893088624
C,0.046353218612101135
T,0.03500574938252587
C,0.03301393300062616
T,0.04239376766049526
A,0.03301393300062616
G,0.03910396434533171
A,0.03630391005490434
A,0.03301393300062616
A,0.03301393300062616
T,0.04371060199531812
A,0.03301393300062616
A,0.03301393300062616
T,0.03630391005490434
T,0.03630391005490434
T,0.03959380025030354
T,0.03301393300062616
G,0.04171904625413634
T,0.03630391005490434
T,0.03630391005490434
T,0.039103964345331706
A,0.03630391005490434
A,0.03630391005490434
C,0.03959380025030354
T,0.039103964345331706
T,0.03301393300062616
T,0.03630391005490434
A,0.03708697460865704
A,0.03428683345935069
G,0.022630255731394277
A,0.025920666760078672
A,0.025920666760078672
G,0.02872115513154022
G,0.022630255731394277
A,0.022630255731394277
G,0.025920666760078672
A,0.02872115513154022
T,0.025920666760078672
A,0.022630255731394277
T,0.025920666760078672
A,0.025920666760078672
C,0.022630255731394277
C,0.02592066676007867
A,0.025920666760078672
T,0.020449070980075177
G,0.020449070980075177
G,0.029155746733503806
A,0.023739568739716783
T,0.020449070980075177
C,0.023739568739716783
C,0.026540143863429344
T,0.02702997976840118
C,0.020449070980075177
-,0.003291190841962139
-,0.003291190841962139
T,0.029155746733503806
A,0.026540143863429344
G,0.023739568739716783
A,0.018223516034540935
G,0.018223516034540935
T,0.018223516034540935
C,0.024314762358525692
G,0.024314762358525692
A,0.018223516034540935
C,0.018223516034540935
C,0.026540143863429344
T,0.033120705642740354
G,0.026540143863429344
C,0.03302117785519035
A,0.022038643597188344
G,0.02693045198085117
G,0.02252847950216018
C,0.027150044670598845
A,0.01923789503284519
T,0.01923789503284519
G,0.02252847950216018
C,0.10275948244803543
A,0.02252847950216018
A,0.012674408012145238
G,0.009383476916764846
C,0.003291190841962139
T,0.003291190841962139
T,0.003291190841962139
G,0.003291190841962139
C,0.003291190841962139
G,0.003291190841962139
G,0.003291190841962139
C,0.003291190841962139
C,0.003291190841962139
A,0.003291190841962139
C,0.003291190841962139
A,0.003291190841962139
C,0.003291190841962139
A,0.003291190841962139
G,0.003291190841962139
