Reference_seq,DEL_H
A,-0.0
G,-0.0
G,-0.0
G,-0.0
T,-0.0
T,-0.0
A,-0.0
A,-0.0
T,-0.0
G,0.7494335607522862
C,0.7494335607522862
C,0.7507898317083972
A,0.7539370312038771
G,0.7552783860343425
C,0.7552783860343425
G,0.7673399365031707
C,0.7597795878305622
T,0.7597795878305622
T,0.757059936597016
C,0.757059936597016
-,0.008601526185893198
-,0.008601526185893198
-,0.0032500082873170707
-,0.0032500082873170707
-,0.0032500082873170707
-,0.0032500082873170707
-,0.011067627643541817
-,0.0032500082873170707
G,0.7664854487887764
T,0.760158683880087
T,0.7633221202819256
A,0.760158683880087
A,0.760158683880087
T,0.7633221202819257
A,0.7637627263027643
-,0.0032500082873170707
C,0.7789950119013597
A,0.7605993977959136
G,0.7637627263027643
A,0.9645934184022759
T,0.7605993977959136
G,0.7713201636119151
T,0.7664429717544216
A,0.7614793562980509
G,0.7610396218069058
G,0.7673224984091063
T,0.7646424689146312
G,0.7673224984091063
T,0.7704853950015512
T,0.7646424689146312
C,0.7614793562980509
C,0.7729829124613652
A,0.7614793562980509
C,0.769820123931239
A,0.7646424689146312
G,0.7673224984091063
G,0.7614793562980509
-,0.0060169572949755066
G,0.7650816062746557
T,0.7650816062746557
A,0.7677615277403198
G,0.20059198382176208
C,0.20334825033594522
C,0.19411324024294963
A,0.19735265540796762
G,0.2001090086949811
C,0.20349357759214048
A,0.20133218388987495
G,0.20613096707715856
C,0.213138993653368
A,0.19613957647362965
T,0.19735265540796762
A,0.1953235095265891
T,0.20630440629303132
G,0.20217622991127696
G,0.2037306961706189
T,0.20870450345917993
G,0.21115956969878574
C,0.21115956969878574
A,0.2119432240088163
G,0.21380426472368036
G,0.20750585924026801
G,0.20217622991127696
C,0.20817113031058038
G,0.2155666832745768
C,0.2069696773633437
T,0.2119984537686941
G,0.20817113031058038
A,0.20217622991127696
-,0.006499932421756477
C,0.22240784304511513
T,0.23097131645874988
T,0.22564517019542094
C,0.22679184947508332
C,0.2246989506522096
G,0.24039411318045095
C,0.2313544660341303
G,0.23264270617325447
T,0.23924856281122053
T,0.23700464023367376
T,0.24232903841320852
C,0.23924856281122053
C,0.24345196399152602
A,0.2408810441663921
G,0.23824732185799954
A,0.24148342519553834
C,0.2503343812351815
T,0.24709897915421253
T,0.2503343812351815
T,0.25418325562377625
A,0.25418325562377625
C,0.2578474454692422
G,0.25470816921549805
-,0.0060169572949755066
A,0.2612063686525275
A,0.26789986393487375
A,0.26336298135695624
C,0.26336298135695624
A,0.2601284578363116
C,0.26288000623017527
G,0.2671921766107878
G,0.2612063686525275
A,0.2612063686525275
A,0.26994346100394784
A,0.2612063686525275
C,0.2590478204219748
C,0.270053133995065
G,0.27041328240117773
A,0.2661074148371231
A,0.2682678879001761
G,0.2710190842486269
A,0.2676026168298637
C,0.2715020593754079
C,0.2639578290683826
A,0.2639578290683826
T,0.27732510254325055
T,0.34767992180496116
C,0.3471043269491485
A,0.2725507092480599
T,0.26763170938886377
G,0.343360887058772
T,0.3471669257004605
T,0.274014979522999
G,0.32608702843308834
T,0.3293173927814348
T,0.3318227617274731
G,0.3032312468156665
C,0.3165443227127432
T,0.31397914042272285
C,0.31675960185212054
A,0.3057695109848745
-,0.0032500082873170707
G,0.3318135624020905
G,0.2989820627018466
T,0.2979165422845515
C,0.2974335671577706
G,0.30466135912002423
C,0.3327806191255274
A,0.3318146688719655
G,0.30287885350622146
A,0.32784640574180496
C,0.3365237346193216
G,0.29366700330144185
T,0.3230377674783208
T,0.3195361759927846
T,0.3514340530911986
T,0.31576066840271266
-,0.0032500082873170707
-,0.03600127250418455
-,0.0032500082873170707
G,0.3160613475859622
C,0.3129784596293385
A,0.3070000831800905
G,0.3506151973302161
C,0.3246595252532004
A,0.30572802363841284
G,0.3035045111146462
C,0.3039874862414272
A,0.30721847319662404
G,0.3035045111146462
T,0.30673549806984307
C,0.3196266566081918
G,0.2997487583182248
C,0.32081741753413456
T,0.3019706653390273
T,0.31003267141731894
C,0.31003267141731894
A,0.2987394118925537
-,0.011851281953572369
-,0.01185128195357237
-,0.009749772382986526
-,0.025606816369247224
-,0.011851281953572369
-,0.0060169572949755066
C,0.30451038740785635
G,0.315984520864028
T,0.3017623755794404
T,0.31097209466834197
C,0.30774128548730995
G,0.30774128548730995
C,0.3107485980731402
T,0.30477022162389217
C,0.30900014230098266
G,0.3085171671742017
C,0.3067671490967626
G,0.3180575631447626
T,0.3077631429114672
A,0.31099359627179984
T,0.30776314291146717
C,0.32016910159120315
G,0.31307571442305293
G,0.31754325616215107
T,0.3440939441025877
G,0.3085171671742017
A,0.3122306846505653
T,0.31174770952378433
T,0.31174770952378433
C,0.3143128918138046
A,0.3117477095237844
T,0.3085171671742017
T,0.30999769144634526
C,0.3085171671742017
T,0.311082438453472
G,0.31675960185212054
C,0.30900014230098266
T,0.307517966757032
A,0.3090001423009826
A,0.31449518775733604
C,0.3087453931656209
C,0.3049933625346373
A,0.30774128548730995
-,0.0032500082873170707
-,0.03307324857774366
-,0.018350540826862823
-,0.0032500082873170707
-,0.009749772382986526
G,0.31685497311634636
T,0.3163961142586091
A,0.30774128548730995
A,0.30673549806984307
G,0.30930112507898433
G,0.30721847319662404
C,0.3149790002099066
A,0.3067354980698431
A,1.1846247827176972
-,0.01669520323394485
C,0.3012041058877972
C,0.31438908878474664
C,0.33427821438137506
C,0.34867637752874087
G,0.2304743075194313
C,0.22422470291333607
C,0.23076651078102012
A,0.21516424876513118
G,0.18866646043800472
C,0.22045736697526302
C,0.17526604306101
T,0.21643887851918514
A,0.18126492757911006
G,0.2314673790980888
C,0.22903529592533634
C,0.22167249473920536
-,0.0032500082873170707
G,0.15639091440829517
G,0.23248802051859835
G,0.1682641165328692
T,0.2155006134921097
C,0.15307339338266493
C,0.22784637270929728
T,0.16905787564366442
C,0.14897350839398166
A,0.23685269371633902
A,0.16544654402280287
C,0.17788061694343474
G,0.16613079183386134
A,0.19370463773831054
C,0.2131614685923209
A,0.20383122546272622
G,0.20610443005568052
G,0.19735265540796762
A,0.20213534492566113
G,0.19613957647362965
C,0.21782407464747014
A,0.19290007457898412
C,0.21370717716154972
G,0.19735265540796762
A,0.20059198382176208
T,0.2093434980861206
C,0.20455825930108298
A,0.19856283794038357
T,0.20131910445456674
G,0.20131910445456672
C,0.20837754783255866
G,0.2026829792656329
C,0.20634840195118015
A,0.20300930137347403
C,0.21195459419437712
C,0.20389298823077062
C,0.24592979891018782
G,0.2071320562612107
T,0.1953235095265891
G,0.20131910445456672
G,0.20592213411214913
C,0.2001090086949811
C,0.20610443005568052
A,0.20131910445456672
G,0.21579773841679012
G,0.20025424917834603
A,0.19492357831577584
C,0.21678889729806372
C,0.19694422634099829
C,0.21336987659856854
A,0.2009195202486584
A,0.20415884866245285
C,0.20537458656662527
G,0.20349357759214048
C,0.2009195202486584
T,0.20350901160573395
G,0.19847901992641334
C,0.20503125049058196
C,0.19658902565775443
C,0.20049388533075457
G,0.19125783461163293
A,0.19125783461163293
G,0.1972542967280668
A,0.1972542967280668
T,0.19847901992641334
C,0.1972542967280668
T,0.18924296920729172
C,0.19781374885610098
G,0.20504090188329416
A,0.19125783461163293
T,0.18159649660328497
C,0.2113436734696113
C,0.18207947173006594
C,0.1808200665195147
G,0.16884965036189103
C,0.16755569419416017
G,0.16803866932094114
A,0.17495929902256713
A,0.1725896640583457
A,0.17142578379590806
T,0.15958413984500266
T,0.16427247115841098
A,0.15431049076518494
A,0.15831866244349602
T,0.11684130596646608
A,0.11433590691312503
C,0.12789073775091547
G,0.1002593631187204
A,0.09872147935666668
C,0.09286100577475767
T,0.09820456612500766
C,0.10300259469369197
A,0.10042217540279799
C,0.10300259469369197
T,0.09765937498673115
A,0.09116756843938781
T,0.09116756843938781
-,0.006499932421756478
-,0.0032500082873170707
-,0.0060169572949755066
-,0.0060169572949755066
-,0.0032500082873170707
-,0.0060169572949755066
-,0.0060169572949755066
-,0.0032500082873170707
-,0.0032500082873170707
-,0.0032500082873170707
-,0.0032500082873170707
-,0.0032500082873170707
-,0.0032500082873170707
-,0.0032500082873170707
-,0.0032500082873170707
-,0.0032500082873170707
-,0.0032500082873170707
-,0.0032500082873170707
-,0.0032500082873170707
-,0.0060169572949755066
-,0.0060169572949755066
-,0.0060169572949755066
-,0.0032500082873170707
-,0.0032500082873170707
-,0.0060169572949755066
-,0.0032500082873170707
-,0.0032500082873170707
-,0.0032500082873170707
-,0.008601526185893198
-,0.006499932421756478
-,0.0032500082873170707
A,0.09762707473796915
G,0.0925838530941312
G,0.0989171683605616
G,0.09603572928474176
A,0.09473668206314478
G,0.08662904482039036
A,0.08939244092550878
C,0.0921557519945243
C,0.09633640846799135
A,0.0970016795383037
C,0.09375556347700545
-,0.011851281953572369
-,0.006499932421756478
-,0.006499932421756477
-,0.009266797256205555
A,0.08338258857313867
A,0.09197345605099293
C,0.0921557519945243
G,0.08939244092550878
G,0.08614606969360938
T,0.0925838530941312
T,0.08826693624609597
T,0.09054735722443343
C,0.09054735722443341
C,0.08015649323668808
C,0.08616668556751533
T,0.09191858202381883
C,0.08822902639583806
T,0.07852731254123606
A,0.0829201443256519
-,0.0032500082873170707
G,0.07853002863256642
A,0.07853002863256642
A,0.08454039089043612
A,0.0817767398014723
T,0.07853002863256642
A,0.08177673980147229
A,0.07364742878991687
T,0.07689430980302446
T,0.0871216610619872
T,0.08008795117834377
T,0.07635809503845523
G,0.07469315497117701
T,0.08285177215291958
T,0.07635809503845523
T,0.08464955794148254
A,0.07359410426106777
A,0.07524908889045971
-,0.01461797838056834
-,0.0060169572949755066
C,0.06321335241608939
T,0.06355521244617435
T,0.05886500669231336
T,0.05610008347591909
A,0.06288064019195955
A,0.05846744863190975
G,0.0436100170712124
A,0.03586927490997932
A,0.03387551847688976
G,0.03835259268350083
G,0.03510376439023927
A,0.028605854570291588
G,0.03185485167901949
-,0.01461797838056834
-,0.011851281953572369
-,0.006499932421756478
-,0.0032500082873170707
-,0.0032500082873170707
-,0.0032500082873170707
-,0.0032500082873170707
-,0.0032500082873170707
-,0.0032500082873170707
-,0.0032500082873170707
-,0.006499932421756478
A,0.028855982211680734
T,0.028373007084899766
A,0.028373007084899766
T,0.025606816369247224
A,0.031622088570695615
C,0.022357566190596447
C,0.025606816369247224
A,0.022357566190596447
T,0.028855982211680734
G,0.028373007084899766
G,0.022357566190596447
A,0.031622088570695615
T,0.025606816369247228
C,0.030956817500383257
C,0.025606816369247224
T,0.022357566190596447
C,0.025606816369247224
-,0.0032500082873170707
-,0.0032500082873170707
T,0.03810638403615626
A,0.03438811055264254
G,0.031622088570695615
A,0.025606816369247228
G,0.03487108567942352
T,0.028373007084899766
C,0.028373007084899766
G,0.03791565198930702
A,0.027723416180313237
C,0.029805034044728587
C,0.028605854570291588
T,0.042918095427175514
G,0.036322161288963435
C,0.030489522539328115
A,0.024474250337879724
G,0.030972497666109086
G,0.027723416180313237
C,0.024474250337879724
A,0.024474250337879724
T,0.022357566190596447
G,0.032232889105102955
C,0.12359788030387564
A,0.02670059203043554
A,0.0032500082873170707
G,0.009266797256205555
C,-0.0
T,-0.0
T,-0.0
G,-0.0
C,-0.0
G,-0.0
G,-0.0
C,-0.0
C,-0.0
A,-0.0
C,-0.0
A,-0.0
C,-0.0
A,-0.0
G,-0.0
