Reference_seq,Exo_H
A,-0.0
G,-0.0
G,-0.0
G,-0.0
T,-0.0
T,-0.0
A,-0.0
A,-0.0
T,-0.0
G,0.1895193429033957
C,0.1895193429033957
C,0.1895193429033957
A,0.1907960939606839
G,0.1907960939606839
C,0.1907960939606839
G,0.1907960939606839
C,0.1946070461124964
T,0.20852710364407956
T,0.1992413215244799
C,0.2021066075051091
G,0.1992413215244799
T,0.19838959571272083
T,0.2079947303044627
A,0.2046248060236327
A,0.19838959571272083
T,0.2017597098176362
A,0.2051297290228753
C,0.2017597098176362
A,0.20175970981763622
G,0.2072992272743785
A,0.4162940175527997
T,0.2017597098176362
G,0.21085963663689516
T,0.20175970981763622
A,0.20175970981763622
G,0.19838959571272083
G,0.20175970981763622
T,0.19838959571272083
G,0.20175970981763622
T,0.19838959571272083
T,0.2046248060236327
C,0.19838959571272083
C,0.19838959571272083
A,0.20175970981763622
C,0.2046248060236327
A,0.20175970981763622
G,0.2051297290228753
G,0.19838959571272083
G,0.2072992272743785
T,0.2046248060236327
A,0.2051297290228753
G,0.027584443436876778
C,0.0338404225724136
C,0.027584443436876778
A,0.027584443436876778
G,0.030964940620366446
C,0.0338404225724136
A,0.030964940620366446
G,0.027584443436876778
C,0.030964940620366446
A,0.030964940620366446
T,0.029711266749211783
A,0.029711266749211783
T,0.03309167170050155
G,0.04203190689816774
G,0.029711266749211783
T,0.03309167170050155
G,0.04121264093052408
C,0.03309167170050155
A,0.03596706139698705
G,0.03647198439622966
G,0.035187923217946324
G,0.03180761052221821
C,0.035187923217946324
G,0.035187923217946324
C,0.04074784571988441
T,0.038568143634739184
G,0.04412788150863861
A,0.035187923217946324
C,0.035187923217946324
T,0.03180761052221821
T,0.03180761052221821
C,0.035187923217946324
C,0.04351127836023952
G,0.05987393188456109
C,0.037256037456255914
G,0.033875817039463046
T,0.040131242571485315
T,0.04063616557072793
T,0.05312948324960996
-,0.014886939006603365
C,0.035917893041885474
C,0.042678056945111696
A,0.045553077385496146
G,0.04823742542249086
A,0.03793557705994945
C,0.03793557705994945
T,0.0495650200277052
T,0.04419063328908812
T,0.03793557705994945
A,0.04469555628833073
C,0.04131561284870366
G,0.041315612848703664
A,0.041315612848703664
A,0.047570484356167016
A,0.03793557705994945
C,0.03793557705994945
A,0.041315612848703664
C,0.04131561284870366
G,0.03793557705994945
G,0.041315612848703664
A,0.03793557705994945
A,0.041315612848703664
A,0.041315612848703664
C,0.03793557705994945
C,0.04131561284870366
G,0.041315612848703664
A,0.041315612848703664
A,0.047570484356167016
G,0.04943547402953699
A,0.04131561284870366
C,0.04419063328908812
C,0.03793557705994945
A,0.03793557705994945
T,0.044695556288330725
T,0.041315612848703664
C,0.04131561284870366
A,0.03793557705994945
T,0.039930389849144016
G,0.04687498132608283
T,0.044190633289088115
T,0.04757048435616702
G,0.044695556288330725
T,0.04469555628833073
T,0.03793557705994945
G,0.041315612848703664
C,0.04419063328908812
T,0.04757048435616702
C,0.04419063328908812
A,0.04131561284870366
G,0.05025473999718065
G,0.050445320028022225
T,0.046185261356607374
C,0.04331033328877108
G,0.05142991728164928
C,0.046185261356607374
A,0.05294468627937712
G,0.04669018435584999
A,0.06212477900847056
C,0.04723637714606612
G,0.0438566184749683
T,0.056365252550480124
T,0.05011112039849544
T,0.08744390147625498
T,0.055424091444113255
G,0.05254953310091775
C,0.04916995929212857
A,0.06066800763827394
G,0.10565747177050956
C,0.06098235060667498
A,0.04916995929212857
G,0.05395978849520977
C,0.05472858841402907
A,0.04916995929212857
G,0.05011112039849544
T,0.0438566184749683
C,0.04723637714606612
G,0.04723637714606613
C,0.04723637714606612
T,0.0438566184749683
T,0.05349069420728461
C,0.0438566184749683
A,0.04190367291898925
C,0.04190367291898925
G,0.05153802590959528
T,0.04528352398606814
T,0.04190367291898925
C,0.04190367291898925
G,0.04815835965792335
C,0.04190367291898925
T,0.04528352398606815
C,0.04815835965792335
G,0.053402830720656616
C,0.04866328265716596
G,0.05153802590959528
T,0.04866328265716597
A,0.04579029304045664
T,0.04579029304045664
C,0.04579029304045664
G,0.05472858841402907
G,0.05204461010167513
T,0.0690014032129026
G,0.04916995929212858
A,0.05472858841402907
T,0.05728871129899178
T,0.05810797726663544
C,0.051085230152014265
A,0.047705656343225086
T,0.0496035765969356
T,0.05395978849520977
C,0.051085230152014265
T,0.05395978849520977
G,0.051085230152014265
C,0.05395978849520977
T,0.051085230152014265
A,0.051085230152014265
A,0.051085230152014265
C,0.051085230152014265
C,0.047705656343225086
A,0.05446471149445238
G,0.05733917734781614
T,0.047705656343225086
A,0.05395978849520977
A,0.05298305793937372
G,0.05854131710193544
G,0.06484711409553712
C,0.05960375319292124
A,0.06298286443502982
A,1.0163151068188108
-,0.0033815101991894795
C,0.07494612391141144
C,0.06751606987894565
C,0.06483264685820805
C,0.07254308284921386
G,0.07124271615371996
C,0.05204461010167513
C,0.07648928922766748
A,0.04916995929212858
G,0.05810797726663544
C,0.05254953310091775
C,0.04579029304045664
T,0.039930389849144016
A,0.04331033328877108
G,0.04669018435584999
C,0.046690184355849984
C,0.05243976328013451
G,0.047570484356167016
G,0.041315612848703664
G,0.04866328265716596
T,0.04419063328908812
C,0.04131561284870366
C,0.04469555628833073
T,0.04131561284870366
C,0.04331033328877108
A,0.046185261356607374
A,0.04669018435584999
C,0.04956502002770519
G,0.04331033328877108
A,0.04331033328877108
C,0.04331033328877108
A,0.04331033328877108
G,0.04331033328877108
G,0.039930389849144016
A,0.039930389849144016
G,0.046185261356607374
C,0.055819337088923685
A,0.039930389849144016
C,0.04331033328877108
G,0.04331033328877108
A,0.05224918324929294
T,0.04669018435584999
C,0.046690184355849984
A,0.04331033328877108
T,0.04331033328877109
G,0.04331033328877108
C,0.053402830720656616
G,0.055871016815824646
C,0.04528352398606815
A,0.04815835965792335
C,0.04528352398606815
C,0.04190367291898925
C,0.10071564916328041
G,0.04528352398606815
T,0.04190367291898925
G,0.04528352398606815
G,0.04815835965792335
C,0.04528352398606815
C,0.04866328265716596
A,0.041315612848703664
G,0.05025473999718065
G,0.044190633289088115
A,0.041315612848703664
C,0.04469555628833073
C,0.042678056945111696
C,0.04063616557072793
A,0.037256037456255914
A,0.03725603745625591
C,0.0461957187697824
G,0.033875817039463046
C,0.04063616557072793
T,0.04351127836023952
G,0.04537645280213874
C,0.04063616557072793
C,0.04351127836023952
C,0.037256037456255914
G,0.035187923217946324
A,0.04144334874996859
G,0.035187923217946324
A,0.037256037456255914
T,0.040131242571485315
C,0.040131242571485315
T,0.040131242571485315
C,0.042815775330155334
G,0.042815775330155334
A,0.037256037456255914
-,0.0033815101991894795
-,0.0033815101991894795
-,0.0033815101991894795
T,0.03929802115635749
C,0.035917893041885474
C,0.04842800545333244
C,0.04217313394586908
G,0.04605800038473876
C,0.04351127836023952
G,0.042815775330155334
A,0.037256037456255914
A,0.03180761052221821
A,0.03856814363473919
T,0.027584443436876778
T,0.027584443436876778
A,0.027584443436876778
A,0.027584443436876778
T,0.030964940620366446
A,0.03596706139698705
C,0.03934728181377991
G,0.038651778783695724
A,0.03309167170050155
C,0.03309167170050155
T,0.03309167170050155
C,0.029711266749211783
A,0.029711266749211783
C,0.03596706139698704
T,0.03596706139698705
A,0.03596706139698705
T,0.029711266749211783
A,0.03309167170050155
G,0.04144334874996859
G,0.029711266749211783
G,0.03596706139698705
A,0.038651778783695724
G,0.030964940620366446
A,0.03434534557165621
C,0.036525232238057516
C,0.030964940620366446
A,0.03434534557165621
C,0.027584443436876778
A,0.0338404225724136
A,0.03652523223805752
C,0.030964940620366446
G,0.027584443436876778
G,0.0338404225724136
T,0.03218545737273621
T,0.028804960189246543
T,0.0338404225724136
C,0.03892978229916064
C,0.029484070498737282
C,0.023227722527788895
T,0.03216906465214276
C,0.023227722527788895
T,0.029484070498737282
A,0.031680534373493593
G,0.034365436294699174
A,0.028804960189246546
A,0.028804960189246546
A,0.0254243707969069
T,0.0254243707969069
A,0.0254243707969069
A,0.028804960189246546
T,0.026608404105640252
T,0.023227722527788895
T,0.026608404105640252
T,0.0299889934979799
G,0.023227722527788895
T,0.023227722527788895
T,0.024371202712838328
T,0.03400804786727639
A,0.026608404105640252
A,0.024371202712838328
C,0.02724696129144707
T,0.026608404105640252
T,0.020990428972801234
T,0.024371202712838328
A,0.024371202712838328
A,0.027751884290689685
G,0.024371202712838328
A,0.026608404105640252
A,0.020990428972801234
G,0.031132473683029332
G,0.030627550683786715
A,0.024371202712838328
G,0.020990428972801234
A,0.020990428972801234
T,0.024371202712838328
A,0.024371202712838328
T,0.020990428972801234
A,0.027751884290689685
C,0.020990428972801234
C,0.02724696129144707
A,0.024371202712838328
T,0.02724696129144707
G,0.02724696129144707
G,0.018707395849660982
A,0.018707395849660982
T,0.018707395849660982
C,0.025469035468606262
C,0.024964112469363645
T,0.018707395849660982
C,0.020990428972801234
T,0.05194651977429582
A,0.018707395849660982
G,0.022088261728569165
A,0.022088261728569165
G,0.02546903546860626
T,0.024964112469363645
C,0.022088261728569165
G,0.022088261728569165
A,0.018707395849660982
C,0.018707395849660982
C,0.018707395849660982
T,0.016372060033946412
G,0.02023272884132127
C,0.025479599462538704
A,0.014886939006603365
G,0.014886939006603365
G,0.014886939006603365
C,0.020448521058507172
A,0.008943828617011483
T,0.012325062818494652
G,0.006762928422379618
C,0.10877295917374971
A,0.00963933164709567
A,0.0062580054231370025
G,0.0033815101991894795
C,-0.0
T,-0.0
T,-0.0
G,-0.0
C,-0.0
G,-0.0
G,-0.0
C,-0.0
C,-0.0
A,-0.0
C,-0.0
A,-0.0
C,-0.0
A,-0.0
G,-0.0
